[
    {
        "dp" : "https://encrypted-tbn0.gstatic.com/images?q=tbn:ANd9GcTwVAB6X0ZDV0j3ttURoBIyD-KQZlNNaLecA0R-m3ufDDtRUgPxvOpVSwrccNE8pXI5L5I&usqp=CAU",
        "username" : "deepikaa._"
    },
    {
        "dp" : "https://marketplace.canva.com/EAFWnQ8u1BI/1/0/1600w/canva-elegant-colorful-instagram-profile-picture-rIcl6znOY34.jpg",
        "username" : "vaishnavi._01"
    },
    {
        "dp" : "https://marketplace.canva.com/EAFHfAZ4Y1I/1/0/1600w/canva-yellow-inspiration-modern-instagram-profile-picture-R0XnP2zSBKo.jpg",
        "username" : "ashutosh._"
    },
    {
        "dp" : "https://marketplace.canva.com/EAFFpOPFupo/2/0/800w/canva-brown-professional-inspiration-instagram-profile-picture-SoUNeZWZVGY.jpg",
        "username" : "kunal_09"
    },
    {
        "dp" : "https://marketplace.canva.com/EAFt95wfNdk/1/0/1600w/canva-purple-and-green-simple-woman-instagram-profile-picture-Vbr6GRy5Ya4.jpg",
        "username" : "dipti_001"
    }
]