[
    {
        "dp": "https://funkylife.in/wp-content/uploads/2022/04/Instagram-dp-140.jpg",
        "username" : "Aarya"
    },
    {
        "dp": "https://marketplace.canva.com/EAFRWLkkJIU/1/0/1600w/canva-white-and-orange-minimalist-instagram-profile-picture-c90IYqhFSLI.jpg",
        "username" : "Suyog"
    },
    {
        "dp": "https://marketplace.canva.com/EAFewIM0joY/1/0/1600w/canva-foto-de-perfil-de-instagram-para-marca-personal-con-foto-sin-fondo-profesional-elegante-amarillo-y-blanco-obid9KNyP_I.jpg",
        "username" : "Mayank"
    },
    {
        "dp": "https://marketplace.canva.com/EAE_46mynC8/1/0/1600w/canva-yellow-lilac-simple-professional-instagram-profile-picture-vnWnHPA1Lwk.jpg",
        "username" : "Neha"
    },
    {
        "dp": "https://marketplace.canva.com/EAE_46wSS-A/1/0/1600w/canva-purple-lime-green-yellow-bright-bold-organic-instagram-profile-picture-xqQK6PK-nrE.jpg",
        "username" : "Isha"
    },
    {
        "dp": "https://marketplace.canva.com/EAFHfAZ4Y1I/1/0/1600w/canva-yellow-inspiration-modern-instagram-profile-picture-R0XnP2zSBKo.jpg",
        "username" : "Rajdeep"
    }
]